#,Category,Category URL,Product,Product URL,Images
1,Custom Bags,/custom-bags,Bakery Bags,/bakery-bags,2
2,Custom Bags,/custom-bags,Black Paper Bags,/black-paper-bags,5
3,Custom Bags,/custom-bags,Christmas Gift Bags,/christmas-gift-bags,16
4,Custom Bags,/custom-bags,Christmas Paper Bags,/christmas-paper-bags,5
5,Custom Bags,/custom-bags,Coffee Kraft Bags,/coffee-kraft-bags,3
6,Custom Bags,/custom-bags,Custom Canvas Tote Bags,/custom-canvas-tote-bags,4
7,Custom Bags,/custom-bags,Custom Cotton Tote Bags,/custom-cotton-tote-bags,4
8,Custom Bags,/custom-bags,Custom Garment Bags,/custom-garment-bags,5
9,Custom Bags,/custom-bags,Custom Jute Tote Bags,/custom-jute-tote-bags,4
10,Custom Bags,/custom-bags,Custom Monogrammed Tote Bags,/custom-monogrammed-tote-bags,4
11,Custom Bags,/custom-bags,Custom Paper Lunch Bags,/custom-paper-lunch-bags,6
12,Custom Bags,/custom-bags,Custom Personalized Paper Bags,/custom-personalized-paper-bags,4
13,Custom Bags,/custom-bags,Custom Popsicle Bags,/custom-popsicle-bags,5
14,Custom Bags,/custom-bags,Custom Printed Tin Tie Bags,/custom-printed-tin-tie-bags,5
15,Custom Bags,/custom-bags,Custom Tote Bags,/custom-tote-bags,7
16,Custom Bags,/custom-bags,Drawstring Christmas Gift Bags,/drawstring-christmas-gift-bags,4
17,Custom Bags,/custom-bags,Flat Bottom Popcorn Bags,/flat-bottom-popcorn-bags,3
18,Custom Bags,/custom-bags,Kraft Christmas Gift Bags,/kraft-christmas-gift-bags,6
19,Custom Bags,/custom-bags,Kraft Paper Bags,/kraft-paper-bags,5
20,Custom Bags,/custom-bags,Luxury Gift Bags,/luxury-gift-bags,2
21,Custom Bags,/custom-bags,Mini Gift Bags,/mini-gift-bags,6
22,Custom Bags,/custom-bags,Paper Bags with Handles,/paper-bags-with-handles,7
23,Custom Bags,/custom-bags,Paper Sandwich Bags,/paper-sandwich-bags,5
24,Custom Bags,/custom-bags,Pink Paper Bags,/pink-paper-bags,5
25,Custom Bags,/custom-bags,Small Gift Bags,/small-gift-bags,6
26,Custom Bags,/custom-bags,Velvet Bags,/velvet-bags,4
27,Custom Bags,/custom-bags,Wax Melt Bags,/wax-melt-bags,5
28,Custom Beverage Packaging,/custom-beverage-packaging,Beverage Boxes,/beverage-boxes,5
29,Custom Beverage Packaging,/custom-beverage-packaging,Beverage Gift Boxes,/beverage-gift-boxes,5
30,Custom Beverage Packaging,/custom-beverage-packaging,Beverage Product Boxes,/beverage-product-boxes,4
31,Custom Beverage Packaging,/custom-beverage-packaging,Bottle Boxes,/bottle-boxes,4
32,Custom Beverage Packaging,/custom-beverage-packaging,Bottle Sleeves Packaging,/bottle-sleeves-packaging,4
33,Custom Beverage Packaging,/custom-beverage-packaging,Bottle Tube Packaging,/bottle-tube-packaging,6
34,Custom Beverage Packaging,/custom-beverage-packaging,Bottle Wrapping Paper,/bottle-wrapping-paper,5
35,Custom Beverage Packaging,/custom-beverage-packaging,E Juice Display Boxes,/e-juice-display-boxes,3
36,Custom Beverage Packaging,/custom-beverage-packaging,Juice Packaging,/juice-packaging,4
37,Custom Beverage Packaging,/custom-beverage-packaging,Kraft Bottle Boxes,/kraft-bottle-boxes,4
38,Custom Beverage Packaging,/custom-beverage-packaging,Water Bottle Boxes,/water-bottle-boxes,6
39,Custom Candle Packaging,/custom-candle-packaging,Candle Boxes with Insert,/candle-boxes-with-insert,4
40,Custom Candle Packaging,/custom-candle-packaging,Candle Boxes with Window,/candle-boxes-with-window,7
41,Custom Candle Packaging,/custom-candle-packaging,Candle Gift Boxes,/candle-gift-boxes,6
42,Custom Candle Packaging,/custom-candle-packaging,Candle Jar Boxes,/candle-jar-boxes,5
43,Custom Candle Packaging,/custom-candle-packaging,Candle Product Boxes,/candle-product-boxes,4
44,Custom Candle Packaging,/custom-candle-packaging,Candle Subscription Boxes,/candle-subscription-boxes,8
45,Custom Candle Packaging,/custom-candle-packaging,Kraft Candle Boxes,/kraft-candle-boxes,7
46,Custom Candle Packaging,/custom-candle-packaging,Pillar Candle Boxes,/pillar-candle-boxes,6
47,Custom Candle Packaging,/custom-candle-packaging,Retail Candle Boxes,/retail-candle-boxes,5
48,Custom Candle Packaging,/custom-candle-packaging,Tealight Boxes,/tealight-boxes,6
49,Custom Candle Packaging,/custom-candle-packaging,Votive Candle Boxes,/votive-candle-boxes,8
50,Custom Candle Packaging,/custom-candle-packaging,Wax Melt Boxes,/wax-melt-boxes,5
51,Custom Home Fragrance Packaging,/custom-home-fragrance-packaging,Essential Oil Boxes,/essential-oil-boxes,6
52,Custom Home Fragrance Packaging,/custom-home-fragrance-packaging,Home Fragrance Boxes,/home-fragrance-boxes,5
53,Custom Home Fragrance Packaging,/custom-home-fragrance-packaging,Reed Diffuser Boxes,/reed-diffuser-boxes,4
54,Custom CBD Packaging,/custom-cbd-packaging,CBD Gift Boxes,/cbd-gift-boxes,7
55,Custom CBD Packaging,/custom-cbd-packaging,CBD Gummies Boxes,/cbd-gummies-boxes,5
56,Custom CBD Packaging,/custom-cbd-packaging,CBD Oil Boxes,/cbd-oil-boxes,4
57,Custom CBD Packaging,/custom-cbd-packaging,Cigarette Boxes,/cigarette-boxes,4
58,Custom Cosmetic Packaging,/custom-cosmetic-packaging,Bath Bomb Boxes,/bath-bomb-boxes,4
59,Custom Cosmetic Packaging,/custom-cosmetic-packaging,Beard Oil Boxes,/beard-oil-boxes,7
60,Custom Cosmetic Packaging,/custom-cosmetic-packaging,Blush Boxes,/blush-boxes,4
61,Custom Cosmetic Packaging,/custom-cosmetic-packaging,Cardboard Deodorant Tubes,/cardboard-deodorant-tubes,4
62,Custom Cosmetic Packaging,/custom-cosmetic-packaging,Cologne Boxes,/cologne-boxes,5
63,Custom Cosmetic Packaging,/custom-cosmetic-packaging,Cosmetic Boxes,/cosmetic-boxes,4
64,Custom Cosmetic Packaging,/custom-cosmetic-packaging,Cream Boxes,/cream-boxes,4
65,Custom Cosmetic Packaging,/custom-cosmetic-packaging,Eyeliner Boxes,/eyeliner-boxes,6
66,Custom Cosmetic Packaging,/custom-cosmetic-packaging,Eyeshadow Boxes,/eyeshadow-boxes,4
67,Custom Cosmetic Packaging,/custom-cosmetic-packaging,Face Mask Boxes,/face-mask-boxes,4
68,Custom Cosmetic Packaging,/custom-cosmetic-packaging,False Eyelash Boxes,/false-eyelash-boxes,3
69,Custom Cosmetic Packaging,/custom-cosmetic-packaging,Foundation Boxes,/foundation-boxes,5
70,Custom Cosmetic Packaging,/custom-cosmetic-packaging,Hair Extension Boxes,/hair-extension-boxes,6
71,Custom Cosmetic Packaging,/custom-cosmetic-packaging,Lip Balm Boxes,/lip-balm-boxes,4
72,Custom Cosmetic Packaging,/custom-cosmetic-packaging,Lip Gloss Boxes,/lip-gloss-boxes,4
73,Custom Cosmetic Packaging,/custom-cosmetic-packaging,Lipstick Boxes,/lipstick-boxes,6
74,Custom Cosmetic Packaging,/custom-cosmetic-packaging,Lotion Boxes,/lotion-boxes,6
75,Custom Cosmetic Packaging,/custom-cosmetic-packaging,Makeup Boxes,/makeup-boxes,4
76,Custom Cosmetic Packaging,/custom-cosmetic-packaging,Mascara Boxes,/mascara-boxes,5
77,Custom Cosmetic Packaging,/custom-cosmetic-packaging,Nail Polish Boxes,/nail-polish-boxes,4
78,Custom Cosmetic Packaging,/custom-cosmetic-packaging,Perfume Boxes,/perfume-boxes,5
79,Custom Cosmetic Packaging,/custom-cosmetic-packaging,Serum Boxes,/serum-boxes,5
80,Custom Cosmetic Packaging,/custom-cosmetic-packaging,Shampoo Boxes,/shampoo-boxes,5
81,Custom Cosmetic Packaging,/custom-cosmetic-packaging,Skincare Boxes,/skincare-boxes,5
82,Custom Cosmetic Packaging,/custom-cosmetic-packaging,Soap Boxes,/soap-boxes,6
83,Custom Printed Cups,/custom-printed-cups,3 oz Paper Cups,/3-oz-paper-cups,5
84,Custom Printed Cups,/custom-printed-cups,6 oz Paper Cups,/6-oz-paper-cups,5
85,Custom Printed Cups,/custom-printed-cups,Christmas Paper Cups,/christmas-paper-cups,8
86,Custom Printed Cups,/custom-printed-cups,Coffee Cups,/coffee-cups,5
87,Custom Printed Cups,/custom-printed-cups,Custom Coffee Cups,/custom-coffee-cups,5
88,Custom Printed Cups,/custom-printed-cups,Custom Double Wall Paper Cups,/custom-double-wall-paper-cups,7
89,Custom Printed Cups,/custom-printed-cups,Custom Single Wall Paper Cups,/custom-single-wall-paper-cups,9
90,Custom Printed Cups,/custom-printed-cups,Double Wall Coffee Cups,/double-wall-coffee-cups,4
91,Custom Printed Cups,/custom-printed-cups,French Fry Cups,/french-fry-cups,9
92,Custom Printed Cups,/custom-printed-cups,Halloween Paper Cups,/halloween-paper-cups,4
93,Custom Printed Cups,/custom-printed-cups,Hot Coffee Paper Cups,/hot-coffee-paper-cups,5
94,Custom Printed Cups,/custom-printed-cups,Ice Cream Cups with Lids,/ice-cream-cups-with-lids,4
95,Custom Printed Cups,/custom-printed-cups,Kraft Paper Cup,/kraft-paper-cup,5
96,Custom Printed Cups,/custom-printed-cups,Paper Cone Cups,/paper-cone-cups,5
97,Custom Printed Cups,/custom-printed-cups,Paper Cups,/paper-cups,6
98,Custom Printed Cups,/custom-printed-cups,Paper Cups with Handle,/paper-cups-with-handle,5
99,Custom Printed Cups,/custom-printed-cups,Paper Cups with Lids,/paper-cups-with-lids,7
100,Custom Printed Cups,/custom-printed-cups,Paper Food Cups,/paper-food-cups,5
101,Custom Printed Cups,/custom-printed-cups,Personalised Paper Cups,/personalised-paper-cups,5
102,Custom Printed Cups,/custom-printed-cups,Printed Paper Cups,/printed-paper-cups,4
103,Custom Printed Cups,/custom-printed-cups,Single Wall Coffee Cups,/single-wall-coffee-cups,4
104,Custom Printed Cups,/custom-printed-cups,White Paper Cup,/white-paper-cup,7
105,Custom Containers,/custom-containers,Cardboard Cup Holder,/cardboard-cup-holder,5
106,Custom Containers,/custom-containers,Cold Cup Boxes,/cold-cup-boxes,5
107,Custom Containers,/custom-containers,French Fries Containers,/french-fries-containers,5
108,Custom Food Trays,/custom-food-trays,Bakery Cardboard Trays,/bakery-cardboard-trays,5
109,Custom Food Trays,/custom-food-trays,Burger Trays,/burger-trays,5
110,Custom Food Trays,/custom-food-trays,Cardboard Catering Trays,/cardboard-catering-trays,5
111,Custom Food Trays,/custom-food-trays,Cardboard Lunch Trays,/cardboard-lunch-trays,4
112,Custom Food Trays,/custom-food-trays,Custom Printed Food Trays,/custom-printed-food-trays,4
113,Custom Food Trays,/custom-food-trays,Hot Dog Trays,/hot-dog-trays,8
114,Custom Food Trays,/custom-food-trays,Kraft Trays,/kraft-trays,4
115,Custom Food Trays,/custom-food-trays,Nacho Trays,/nacho-trays,9
116,Custom Food Trays,/custom-food-trays,Paper Food Trays,/paper-food-trays,9
117,Custom Food Trays,/custom-food-trays,Paperboard Food Trays,/paperboard-food-trays,2
118,Custom Food Trays,/custom-food-trays,Sushi Trays,/sushi-trays,5
119,Custom Food Trays,/custom-food-trays,Waffle Trays,/waffle-trays,7
120,Custom Display Boxes,/custom-display-boxes,Candle Display Boxes,/candle-display-boxes,6
121,Custom Display Boxes,/custom-display-boxes,Cardboard Display Boxes,/cardboard-display-boxes,6
122,Custom Display Boxes,/custom-display-boxes,Cardboard Display Stands,/cardboard-display-stands,6
123,Custom Display Boxes,/custom-display-boxes,Cardboard Retail Display Boxes,/cardboard-retail-display-boxes,5
124,Custom Display Boxes,/custom-display-boxes,Corrugated Display Boxes,/corrugated-display-boxes,6
125,Custom Display Boxes,/custom-display-boxes,Cosmetic Display Boxes,/cosmetic-display-boxes,5
126,Custom Display Boxes,/custom-display-boxes,Counter Display Boxes,/counter-display-boxes,6
127,Custom Display Boxes,/custom-display-boxes,Display Gift Boxes,/display-gift-boxes,8
128,Custom Display Boxes,/custom-display-boxes,Display Mailer Boxes,/display-mailer-boxes,8
129,Custom Display Boxes,/custom-display-boxes,Flat Display Boxes,/flat-display-boxes,5
130,Custom Display Boxes,/custom-display-boxes,Flat Tuck Display Boxes,/flat-tuck-display-boxes,5
131,Custom Display Boxes,/custom-display-boxes,Food Display Boxes,/food-display-boxes,5
132,Custom Display Boxes,/custom-display-boxes,Pop Up Display Boxes,/pop-up-display-boxes,5
133,Custom Display Boxes,/custom-display-boxes,Retail Display Boxes,/retail-display-boxes,6
134,Custom Display Boxes,/custom-display-boxes,Shelf Ready Display Boxes,/shelf-ready-display-boxes,5
135,Custom Display Boxes,/custom-display-boxes,Soap Display Boxes,/soap-display-boxes,10
136,Custom Mailers,/custom-mailers,1000 Bubble Mailers,/1000-bubble-mailers,5
137,Custom Mailers,/custom-mailers,10x13 Poly Mailers Bags,/10x13-poly-mailers-bags,6
138,Custom Mailers,/custom-mailers,19x24 Poly Mailers,/19x24-poly-mailers,5
139,Custom Mailers,/custom-mailers,500 Bubble Mailers,/500-bubble-mailers,5
140,Custom Mailers,/custom-mailers,7 Inch Vinyl Mailers,/7-inch-vinyl-mailers,5
141,Custom Mailers,/custom-mailers,9x12 Poly Mailers,/9x12-poly-mailers,5
142,Custom Mailers,/custom-mailers,Black Poly Mailers,/black-poly-mailers,5
143,Custom Mailers,/custom-mailers,Book Mailers,/book-mailers,5
144,Custom Mailers,/custom-mailers,Branded Bubble Mailers,/branded-bubble-mailers,5
145,Custom Mailers,/custom-mailers,Bubble Mailers,/bubble-mailers,9
146,Custom Mailers,/custom-mailers,Cardboard Document Mailers,/cardboard-document-mailers,5
147,Custom Mailers,/custom-mailers,Christmas Mailers,/christmas-mailers,5
148,Custom Mailers,/custom-mailers,Christmas Poly Mailers,/christmas-poly-mailers,5
149,Custom Mailers,/custom-mailers,Compostable Mailers,/compostable-mailers,5
150,Custom Mailers,/custom-mailers,Corrugated Shipping Boxes,/corrugated-shipping-boxes,5
151,Custom Mailers,/custom-mailers,Custom Poly Mailers,/custom-poly-mailers,9
152,Custom Mailers,/custom-mailers,Document Mailers,/document-mailers,5
153,Custom Mailers,/custom-mailers,E Commerce Boxes,/e-commerce-boxes,5
154,Custom Mailers,/custom-mailers,Halloween Bubble Mailers,/halloween-bubble-mailers,5
155,Custom Mailers,/custom-mailers,Halloween Mailers,/halloween-mailers,7
156,Custom Mailers,/custom-mailers,Halloween Poly Mailers,/halloween-poly-mailers,5
157,Custom Mailers,/custom-mailers,Literature Mailers,/literature-mailers,6
158,Custom Mailers,/custom-mailers,Mailer Boxes,/mailer-boxes,3
159,Custom Mailers,/custom-mailers,Padded Mailers,/padded-mailers,5
160,Custom Mailers,/custom-mailers,Personalised Poly Mailers,/personalised-poly-mailers,8
161,Custom Mailers,/custom-mailers,Plain Bubble Mailers,/plain-bubble-mailers,5
162,Custom Mailers,/custom-mailers,Poly Mailers with Tear Strip,/poly-mailers-with-tear-strip,9
163,Custom Mailers,/custom-mailers,Rigid Mailers,/rigid-mailers,5
164,Custom Mailers,/custom-mailers,Side Loading Tab Lock Mailers,/side-loading-tab-lock-mailers,5
165,Custom Mailers,/custom-mailers,Vinyl Mailers,/vinyl-mailers,5
166,Custom Mailers,/custom-mailers,White Literature Mailers,/white-literature-mailers,5
167,Custom Mailers,/custom-mailers,White Tab Locking Literature Mailers,/white-tab-locking-literature-mailers,6
168,Custom Food Packaging,/custom-food-packaging,Burger Boxes,/burger-boxes,5
169,Custom Food Packaging,/custom-food-packaging,Cake Boxes,/cake-boxes,5
170,Custom Food Packaging,/custom-food-packaging,Candy Boxes,/candy-boxes,6
171,Custom Food Packaging,/custom-food-packaging,Cardboard Snack Boxes,/cardboard-snack-boxes,5
172,Custom Food Packaging,/custom-food-packaging,Catering Boxes,/catering-boxes,5
173,Custom Food Packaging,/custom-food-packaging,Cereal Boxes,/cereal-boxes,5
174,Custom Food Packaging,/custom-food-packaging,Chicken Boxes,/chicken-boxes,5
175,Custom Food Packaging,/custom-food-packaging,Chinese Takeout Boxes,/chinese-takeout-boxes,4
176,Custom Food Packaging,/custom-food-packaging,Chocolate Boxes,/chocolate-boxes,5
177,Custom Food Packaging,/custom-food-packaging,Coffee Boxes,/coffee-boxes,6
178,Custom Food Packaging,/custom-food-packaging,Cone Sleeves,/cone-sleeves,5
179,Custom Food Packaging,/custom-food-packaging,Cookie Boxes,/cookie-boxes,5
180,Custom Food Packaging,/custom-food-packaging,Cupcake Boxes,/cupcake-boxes,5
181,Custom Food Packaging,/custom-food-packaging,Donut Boxes,/donut-boxes,5
182,Custom Food Packaging,/custom-food-packaging,Food Trays,/food-trays,5
183,Custom Food Packaging,/custom-food-packaging,French Fry Boxes,/french-fry-boxes,5
184,Custom Food Packaging,/custom-food-packaging,Frozen Food Boxes,/frozen-food-boxes,5
185,Custom Food Packaging,/custom-food-packaging,Hot Dog Boxes,/hot-dog-boxes,4
186,Custom Food Packaging,/custom-food-packaging,Ice Cream Packaging,/ice-cream-packaging,4
187,Custom Food Packaging,/custom-food-packaging,Kraft Lunch Boxes,/kraft-lunch-boxes,5
188,Custom Food Packaging,/custom-food-packaging,Kraft Meal Boxes,/kraft-meal-boxes,4
189,Custom Food Packaging,/custom-food-packaging,Macaron Boxes,/macaron-boxes,5
190,Custom Food Packaging,/custom-food-packaging,Noodle Boxes,/noodle-boxes,6
191,Custom Food Packaging,/custom-food-packaging,Pastry Boxes,/pastry-boxes,5
192,Custom Food Packaging,/custom-food-packaging,Pie Boxes,/pie-boxes,6
193,Custom Food Packaging,/custom-food-packaging,Pizza Boxes,/pizza-boxes,5
194,Custom Food Packaging,/custom-food-packaging,Popcorn Boxes,/popcorn-boxes,6
195,Custom Food Packaging,/custom-food-packaging,Salad Boxes,/salad-boxes,5
196,Custom Food Packaging,/custom-food-packaging,Sandwich Boxes,/sandwich-boxes,4
197,Custom Food Packaging,/custom-food-packaging,Sushi Boxes,/sushi-boxes,5
198,Custom Food Packaging,/custom-food-packaging,Taco Boxes,/taco-boxes,5
199,Custom Food Packaging,/custom-food-packaging,Tea Boxes,/tea-boxes,5
200,Custom Food Packaging,/custom-food-packaging,Truffle Boxes,/truffle-boxes,5
201,Custom Food Packaging,/custom-food-packaging,Wings Boxes,/wings-boxes,5
202,Custom Gift Boxes,/custom-gift-boxes,Birthday Candle Packaging,/birthday-candle-packaging,5
203,Custom Gift Boxes,/custom-gift-boxes,Birthday Cookie Boxes,/birthday-cookie-boxes,4
204,Custom Gift Boxes,/custom-gift-boxes,Birthday Gable Boxes,/birthday-gable-boxes,5
205,Custom Gift Boxes,/custom-gift-boxes,Birthday Party Food Boxes,/birthday-party-food-boxes,6
206,Custom Gift Boxes,/custom-gift-boxes,Christmas Boxes,/christmas-boxes,7
207,Custom Gift Boxes,/custom-gift-boxes,Corporate Gift Boxes,/corporate-gift-boxes,5
208,Custom Gift Boxes,/custom-gift-boxes,Easter Boxes,/easter-boxes,4
209,Custom Gift Boxes,/custom-gift-boxes,Halloween Boxes,/halloween-boxes,5
210,Custom Gift Boxes,/custom-gift-boxes,Subscription Boxes,/subscription-boxes,5
211,Custom Gift Boxes,/custom-gift-boxes,Valentines Boxes,/valentines-boxes,4
212,Promotional Packaging,/promotional-packaging,Event Tickets,/event-tickets,5
213,Promotional Packaging,/promotional-packaging,Influencer Boxes,/influencer-boxes,2
214,Promotional Packaging,/promotional-packaging,PR Boxes,/pr-boxes,5
215,Promotional Packaging,/promotional-packaging,Presentation Boxes,/presentation-boxes,5
216,Promotional Packaging,/promotional-packaging,Promotional Boxes,/promotional-boxes,2
217,Custom Packaging Inserts,/custom-packaging-inserts,4 Inserts Carrier Boxes,/4-inserts-carrier-boxes,5
218,Custom Packaging Inserts,/custom-packaging-inserts,6 Inserts Carrier Boxes,/6-inserts-carrier-boxes,6
219,Custom Packaging Inserts,/custom-packaging-inserts,Booklet Boxes with Inserts,/booklet-boxes-with-inserts,5
220,Custom Packaging Inserts,/custom-packaging-inserts,Bottle Product Inserts,/bottle-product-inserts,5
221,Custom Packaging Inserts,/custom-packaging-inserts,Candy Boxes with Inserts,/candy-boxes-with-inserts,5
222,Custom Packaging Inserts,/custom-packaging-inserts,Cardboard Box Inserts,/cardboard-box-inserts,5
223,Custom Packaging Inserts,/custom-packaging-inserts,Chocolate Box Inserts,/chocolate-box-inserts,5
224,Custom Packaging Inserts,/custom-packaging-inserts,Corrugated Packaging Inserts,/corrugated-packaging-inserts,4
225,Custom Packaging Inserts,/custom-packaging-inserts,Custom Candle Boxes with Inserts,/custom-candle-boxes-with-inserts,5
226,Custom Packaging Inserts,/custom-packaging-inserts,Custom Mailer Boxes with Inserts,/custom-mailer-boxes-with-inserts,5
227,Custom Packaging Inserts,/custom-packaging-inserts,Custom Packaging Boxes with Inserts,/custom-packaging-boxes-with-inserts,5
228,Custom Packaging Inserts,/custom-packaging-inserts,Custom Perfume Boxes with Inserts,/custom-perfume-boxes-with-inserts,7
229,Custom Packaging Inserts,/custom-packaging-inserts,Custom Printed Boxes with Inserts,/custom-printed-boxes-with-inserts,5
230,Custom Packaging Inserts,/custom-packaging-inserts,Foam Inserts for Boxes,/foam-inserts-for-boxes,4
231,Custom Packaging Inserts,/custom-packaging-inserts,Foam Inserts for Pastel Boxes,/foam-inserts-for-pastel-boxes,5
232,Custom Packaging Inserts,/custom-packaging-inserts,Foam Inserts for Tool Boxes,/foam-inserts-for-tool-boxes,4
233,Custom Packaging Inserts,/custom-packaging-inserts,Folder with Stitched Inserts,/folder-with-stitched-inserts,5
234,Custom Packaging Inserts,/custom-packaging-inserts,Hexpand Inserts,/hexpand-inserts,5
235,Custom Packaging Inserts,/custom-packaging-inserts,Kraft Boxes with Inserts,/kraft-boxes-with-inserts,5
236,Custom Packaging Inserts,/custom-packaging-inserts,Rigid Boxes with Inserts,/rigid-boxes-with-inserts,5
237,Custom Packaging Inserts,/custom-packaging-inserts,Sweet Boxes with Inserts,/sweet-boxes-with-inserts,5
238,Custom Jewellery Boxes,/custom-jewellery-boxes,Bracelet Boxes,/bracelet-boxes,5
239,Custom Jewellery Boxes,/custom-jewellery-boxes,Earring Boxes,/earring-boxes,2
240,Custom Jewellery Boxes,/custom-jewellery-boxes,Jewellery Boxes,/jewellery-boxes,5
241,Custom Jewellery Boxes,/custom-jewellery-boxes,Necklace Boxes,/necklace-boxes,7
242,Custom Jewellery Boxes,/custom-jewellery-boxes,Pendant Boxes,/pendant-boxes,4
243,Custom Jewellery Boxes,/custom-jewellery-boxes,Ring Boxes,/ring-boxes,7
244,Custom Jewellery Boxes,/custom-jewellery-boxes,Watch Boxes,/watch-boxes,4
245,Custom Apparel Packaging,/custom-apparel-packaging,Apparel Packaging,/apparel-packaging,5
246,Custom Apparel Packaging,/custom-apparel-packaging,Belt Boxes,/belt-boxes,6
247,Custom Apparel Packaging,/custom-apparel-packaging,Cap Boxes,/cap-boxes,5
248,Custom Apparel Packaging,/custom-apparel-packaging,Hat Boxes,/hat-boxes,7
249,Custom Apparel Packaging,/custom-apparel-packaging,Lingerie Boxes,/lingerie-boxes,6
250,Custom Apparel Packaging,/custom-apparel-packaging,Scarf Boxes,/scarf-boxes,5
251,Custom Apparel Packaging,/custom-apparel-packaging,Shirt Boxes,/shirt-boxes,5
252,Custom Apparel Packaging,/custom-apparel-packaging,Shoe Boxes,/shoe-boxes,4
253,Custom Apparel Packaging,/custom-apparel-packaging,Sock Boxes,/sock-boxes,4
254,Custom Apparel Packaging,/custom-apparel-packaging,Sunglasses Boxes,/sunglasses-boxes,5
255,Custom Apparel Packaging,/custom-apparel-packaging,Tie Boxes,/tie-boxes,5
256,Custom Apparel Packaging,/custom-apparel-packaging,Underwear Boxes,/underwear-boxes,6
257,Custom Apparel Packaging,/custom-apparel-packaging,Wallet Boxes,/wallet-boxes,4
258,Custom Labels,/custom-labels,Bakery Labels,/bakery-labels,5
259,Custom Labels,/custom-labels,Cake Labels,/cake-labels,4
260,Custom Labels,/custom-labels,Candle Labels,/candle-labels,6
261,Custom Labels,/custom-labels,Candle Warning Labels,/candle-warning-labels,5
262,Custom Labels,/custom-labels,Custom Lip Balm Labels,/custom-lip-balm-labels,4
263,Custom Labels,/custom-labels,Custom Peptide Vial Labels,/custom-peptide-vial-labels,3
264,Custom Labels,/custom-labels,Custom Reflective Labels,/custom-reflective-labels,5
265,Custom Labels,/custom-labels,Homemade Soap Labels,/homemade-soap-labels,5
266,Custom Labels,/custom-labels,Lip Balm Labels,/lip-balm-labels,5
267,Custom Labels,/custom-labels,Personalized Candle Labels,/personalized-candle-labels,6
268,Custom Labels,/custom-labels,Pet Labels,/pet-labels,6
269,Custom Labels,/custom-labels,Pressure Sensitive Labels,/pressure-sensitive-labels,5
270,Custom Labels,/custom-labels,Serum Labels,/serum-labels,5
271,Custom Labels,/custom-labels,Soap Bar Labels,/soap-bar-labels,5
272,Custom Labels,/custom-labels,Soap Labels,/soap-labels,7
273,Custom Labels,/custom-labels,Soap Labels and Packaging,/soap-labels-and-packaging,4
274,Custom Stickers,/custom-stickers,Bakery Stickers,/bakery-stickers,6
275,Custom Stickers,/custom-stickers,Bat Knob Stickers,/bat-knob-stickers,4
276,Custom Stickers,/custom-stickers,Boat Registration Number Stickers,/boat-registration-number-stickers,5
277,Custom Stickers,/custom-stickers,Box Seal Stickers,/box-seal-stickers,5
278,Custom Stickers,/custom-stickers,Cake Stickers,/cake-stickers,7
279,Custom Stickers,/custom-stickers,Christmas Cookie Stickers,/christmas-cookie-stickers,5
280,Custom Stickers,/custom-stickers,Christmas Stickers,/christmas-stickers,8
281,Custom Stickers,/custom-stickers,Clear Stickers,/clear-stickers,5
282,Custom Stickers,/custom-stickers,Crystal Stickers,/crystal-stickers,5
283,Custom Stickers,/custom-stickers,Custom Die Cut Stickers,/custom-die-cut-stickers,2
284,Custom Stickers,/custom-stickers,Custom Graffiti Stickers,/custom-graffiti-stickers,4
285,Custom Stickers,/custom-stickers,Custom Ink Stickers,/custom-ink-stickers,5
286,Custom Stickers,/custom-stickers,Custom Lenticular Stickers,/custom-lenticular-stickers,7
287,Custom Stickers,/custom-stickers,Custom Oil Change Stickers,/custom-oil-change-stickers,3
288,Custom Stickers,/custom-stickers,Die Cut Vinyl Stickers,/die-cut-vinyl-stickers,5
289,Custom Stickers,/custom-stickers,Food Stickers,/food-stickers,5
290,Custom Stickers,/custom-stickers,Glitter Stickers,/glitter-stickers,5
291,Custom Stickers,/custom-stickers,Helmet Stickers,/helmet-stickers,4
292,Custom Stickers,/custom-stickers,Hydro Flask Stickers,/hydro-flask-stickers,4
293,Custom Stickers,/custom-stickers,Inspirational Stickers,/inspirational-stickers,3
294,Custom Stickers,/custom-stickers,Kiss Cut Stickers,/kiss-cut-stickers,5
295,Custom Stickers,/custom-stickers,Motivational Stickers Sheets,/motivational-stickers-sheets,4
296,Custom Stickers,/custom-stickers,Pot Leaf Stickers,/pot-leaf-stickers,7
297,Custom Stickers,/custom-stickers,Stickers and Labels,/stickers-and-labels,5
298,Custom Stickers,/custom-stickers,Thank You Stickers,/thank-you-stickers,11
299,Custom Stickers,/custom-stickers,Transfer Stickers,/transfer-stickers,7
300,Pharmaceutical Packaging,/pharmaceutical-packaging,Medical Device Boxes,/medical-device-boxes,6
301,Pharmaceutical Packaging,/pharmaceutical-packaging,Medicine Boxes,/medicine-boxes,6
302,Wellness Packaging,/wellness-packaging,CBD Dissolvable Sleep Tablets Boxes,/cbd-dissolvable-sleep-tablets-boxes,4
303,Wellness Packaging,/wellness-packaging,Vitamin Boxes,/vitamin-boxes,4
304,Custom Pouches,/custom-pouches,3.5 Mylar Bags,/3-5-mylar-bags,10
305,Custom Pouches,/custom-pouches,Biscotti Mylar Bags,/biscotti-mylar-bags,5
306,Custom Pouches,/custom-pouches,Black Cherry Gelato Mylar Bags,/black-cherry-gelato-mylar-bags,4
307,Custom Pouches,/custom-pouches,Chocolate Pouches,/chocolate-pouches,5
308,Custom Pouches,/custom-pouches,Compostable Stand Up Pouches,/compostable-stand-up-pouches,6
309,Custom Pouches,/custom-pouches,Custom Mylar Comic Bags,/custom-mylar-comic-bags,5
310,Custom Pouches,/custom-pouches,Custom Shaped Mylar Bags,/custom-shaped-mylar-bags,5
311,Custom Pouches,/custom-pouches,Designer Mylar Bags,/designer-mylar-bags,5
312,Custom Pouches,/custom-pouches,Die Cut Mylar Bags,/die-cut-mylar-bags,10
313,Custom Pouches,/custom-pouches,Edible Mylar Bags,/edible-mylar-bags,8
314,Custom Pouches,/custom-pouches,Flat Pouches,/flat-pouches,5
315,Custom Pouches,/custom-pouches,Large Mylar Bag,/large-mylar-bag,5
316,Custom Pouches,/custom-pouches,Luxury Mylar Bags,/luxury-mylar-bags,3
317,Custom Pouches,/custom-pouches,Mushroom Mylar Bags,/mushroom-mylar-bags,11
318,Custom Pouches,/custom-pouches,Mylar Bag,/mylar-bag,6
319,Custom Pouches,/custom-pouches,Mylar Coffee Bags,/mylar-coffee-bags,5
320,Custom Pouches,/custom-pouches,Mylar Foil Bags,/mylar-foil-bags,4
321,Custom Pouches,/custom-pouches,Mylar Food Bags,/mylar-food-bags,5
322,Custom Pouches,/custom-pouches,Mylar Food Storage Bag,/mylar-food-storage-bag,6
323,Custom Pouches,/custom-pouches,Mylar Vacuum Seal Bags,/mylar-vacuum-seal-bags,8
324,Custom Pouches,/custom-pouches,Personalised Mylar Bags,/personalised-mylar-bags,7
325,Custom Pouches,/custom-pouches,Resealable Mylar Bags,/resealable-mylar-bags,5
326,Custom Pouches,/custom-pouches,Small Mylar Bags,/small-mylar-bags,4
327,Custom Pouches,/custom-pouches,Stand Up Mylar Bags,/stand-up-mylar-bags,3
328,Custom Pouches,/custom-pouches,Stand Up Pouches,/stand-up-pouches,5
329,Custom Pouches,/custom-pouches,White Mylar Bags,/white-mylar-bags,7
330,Custom Pouches,/custom-pouches,White Widow Mylar Bags,/white-widow-mylar-bags,4
331,Custom Sleeves,/custom-sleeves,Black CD Sleeves,/black-cd-sleeves,4
332,Custom Sleeves,/custom-sleeves,Burger Sleeves,/burger-sleeves,12
333,Custom Sleeves,/custom-sleeves,Card Sleeves Packaging,/card-sleeves-packaging,5
334,Custom Sleeves,/custom-sleeves,CD Sleeves,/cd-sleeves,5
335,Custom Sleeves,/custom-sleeves,Chocolate Sleeves,/chocolate-sleeves,5
336,Custom Sleeves,/custom-sleeves,Cup Sleeves,/cup-sleeves,5
337,Custom Sleeves,/custom-sleeves,Custom Cake Cone Sleeves,/custom-cake-cone-sleeves,4
338,Custom Sleeves,/custom-sleeves,Custom Card Sleeves,/custom-card-sleeves,5
339,Custom Sleeves,/custom-sleeves,Custom Waffle Cone Sleeves,/custom-waffle-cone-sleeves,5
340,Custom Sleeves,/custom-sleeves,Customized Soap Wraps,/customized-soap-wraps,5
341,Custom Sleeves,/custom-sleeves,Customized Sugar Cone Sleeves,/customized-sugar-cone-sleeves,5
342,Custom Sleeves,/custom-sleeves,French Fry Sleeves,/french-fry-sleeves,5
343,Custom Sleeves,/custom-sleeves,Glassine Food Sleeves,/glassine-food-sleeves,6
344,Custom Sleeves,/custom-sleeves,Glassine Sleeves,/glassine-sleeves,4
345,Custom Sleeves,/custom-sleeves,Hot Dog Sleeves,/hot-dog-sleeves,8
346,Custom Sleeves,/custom-sleeves,Ice Cream Cone Sleeves,/ice-cream-cone-sleeves,8
347,Custom Sleeves,/custom-sleeves,Kraft Sleeves,/kraft-sleeves,9
348,Custom Sleeves,/custom-sleeves,Macaron Sleeves,/macaron-sleeves,5
349,Custom Sleeves,/custom-sleeves,Mailer Sleeves,/mailer-sleeves,7
350,Custom Sleeves,/custom-sleeves,Personalized CD Sleeves,/personalized-cd-sleeves,4
351,Custom Sleeves,/custom-sleeves,Polka Designs Ice Cream Cone Sleeves,/polka-designs-ice-cream-cone-sleeves,5
352,Custom Sleeves,/custom-sleeves,Sandwich Sleeves,/sandwich-sleeves,5
353,Custom Sleeves,/custom-sleeves,T Shirt Packaging Sleeves,/t-shirt-packaging-sleeves,4
354,Custom Sleeves,/custom-sleeves,White Cone Sleeves,/white-cone-sleeves,5
355,Custom Bands,/custom-bands,Belly Band Packaging,/belly-band-packaging,6
356,Custom Bands,/custom-bands,Resistance Band Packaging,/resistance-band-packaging,5
357,Electronics Packaging,/electronics-packaging,Appliances Packaging,/appliances-packaging,4
358,Electronics Packaging,/electronics-packaging,Car Battery Packaging,/car-battery-packaging,5
359,Electronics Packaging,/electronics-packaging,Charger Boxes,/charger-boxes,6
360,Electronics Packaging,/electronics-packaging,Earbud Boxes,/earbud-boxes,5
361,Electronics Packaging,/electronics-packaging,Electronics Boxes,/electronics-boxes,5
362,Electronics Packaging,/electronics-packaging,Headphone Boxes,/headphone-boxes,4
363,Electronics Packaging,/electronics-packaging,Light Bulb Boxes,/light-bulb-boxes,5
364,Electronics Packaging,/electronics-packaging,Smartwatch Boxes,/smartwatch-boxes,5
365,Electronics Packaging,/electronics-packaging,Speaker Boxes,/speaker-boxes,5
366,Sustainable Packaging,/sustainable-packaging,Eco Friendly Cosmetic Packaging,/eco-friendly-cosmetic-packaging,4
367,Sustainable Packaging,/sustainable-packaging,Eco Friendly Paper Tube,/eco-friendly-paper-tube,5
368,Sustainable Packaging,/sustainable-packaging,Eco Friendly Soap Packaging Boxes,/eco-friendly-soap-packaging-boxes,5
369,Sustainable Packaging,/sustainable-packaging,Eco Friendly Tube Packaging,/eco-friendly-tube-packaging,5
370,Sustainable Packaging,/sustainable-packaging,Kraft Packaging,/kraft-packaging,5
371,Sustainable Packaging,/sustainable-packaging,Minimal Packaging,/minimal-packaging,4
